file,species,score,identity
SiteA_20250428_073659.wav,Erithacus rubecula,0.35,FALSE
SiteA_20250418_042817.wav,Erithacus rubecula,0.47,TRUE
SiteA_20250424_070048.wav,Erithacus rubecula,0.18,FALSE
SiteA_20250429_095013.wav,Erithacus rubecula,0.56,FALSE
SiteA_20250429_090036.wav,Erithacus rubecula,0.64,TRUE
SiteA_20250419_071531.wav,Erithacus rubecula,0.87,TRUE
SiteA_20250416_045412.wav,Erithacus rubecula,0.96,TRUE
SiteA_20250429_044907.wav,Erithacus rubecula,0.36,FALSE
SiteA_20250424_063046.wav,Erithacus rubecula,0.24,FALSE
SiteA_20250427_054232.wav,Erithacus rubecula,0.66,TRUE
SiteA_20250430_062232.wav,Erithacus rubecula,0.76,TRUE
SiteA_20250424_041255.wav,Erithacus rubecula,0.23,FALSE
SiteA_20250423_092330.wav,Erithacus rubecula,0.53,TRUE
SiteA_20250416_052538.wav,Erithacus rubecula,0.68,TRUE
SiteA_20250427_040128.wav,Erithacus rubecula,0.77,TRUE
SiteA_20250426_073634.wav,Erithacus rubecula,0.5,TRUE
SiteA_20250420_052303.wav,Erithacus rubecula,0.5,FALSE
SiteA_20250508_054554.wav,Erithacus rubecula,0.22,FALSE
SiteA_20250510_054851.wav,Erithacus rubecula,0.78,TRUE
SiteA_20250421_091800.wav,Erithacus rubecula,0.2,FALSE
SiteA_20250506_075058.wav,Erithacus rubecula,0.31,TRUE
SiteA_20250429_062413.wav,Erithacus rubecula,0.46,FALSE
SiteA_20250525_064622.wav,Erithacus rubecula,0.4,TRUE
SiteA_20250501_043252.wav,Erithacus rubecula,0.59,TRUE
SiteA_20250520_062419.wav,Erithacus rubecula,0.37,FALSE
SiteA_20250424_050500.wav,Erithacus rubecula,0.72,TRUE
SiteA_20250416_080346.wav,Erithacus rubecula,0.32,FALSE
SiteA_20250419_062041.wav,Erithacus rubecula,0.82,TRUE
SiteA_20250508_040014.wav,Erithacus rubecula,0.45,FALSE
SiteA_20250424_080554.wav,Erithacus rubecula,0.43,TRUE
SiteA_20250420_073719.wav,Erithacus rubecula,0.44,TRUE
SiteA_20250425_061633.wav,Erithacus rubecula,0.32,FALSE
SiteA_20250505_080656.wav,Erithacus rubecula,0.19,TRUE
SiteA_20250425_052559.wav,Erithacus rubecula,0.31,FALSE
SiteA_20250501_091341.wav,Erithacus rubecula,0.24,FALSE
SiteA_20250417_051414.wav,Erithacus rubecula,0.97,TRUE
SiteA_20250430_051052.wav,Erithacus rubecula,0.96,TRUE
SiteA_20250419_081212.wav,Erithacus rubecula,0.34,FALSE
SiteA_20250429_081547.wav,Erithacus rubecula,0.25,FALSE
SiteA_20250416_041529.wav,Erithacus rubecula,0.14,FALSE
SiteA_20250429_044538.wav,Erithacus rubecula,0.53,TRUE
SiteA_20250427_081136.wav,Erithacus rubecula,0.44,FALSE
SiteA_20250501_050946.wav,Erithacus rubecula,0.38,FALSE
SiteA_20250422_062916.wav,Erithacus rubecula,0.22,FALSE
SiteA_20250430_091523.wav,Erithacus rubecula,0.15,TRUE
SiteA_20250415_090700.wav,Erithacus rubecula,0.95,TRUE
SiteA_20250415_053025.wav,Erithacus rubecula,0.58,TRUE
SiteA_20250429_055328.wav,Erithacus rubecula,0.25,FALSE
SiteA_20250417_061334.wav,Erithacus rubecula,0.91,TRUE
SiteA_20250502_083907.wav,Erithacus rubecula,0.46,FALSE
SiteA_20250505_064916.wav,Erithacus rubecula,0.82,TRUE
SiteA_20250425_072610.wav,Erithacus rubecula,0.27,FALSE
SiteA_20250430_055323.wav,Erithacus rubecula,0.53,TRUE
SiteA_20250428_064823.wav,Erithacus rubecula,0.91,TRUE
SiteA_20250424_080618.wav,Erithacus rubecula,0.63,TRUE
SiteA_20250501_043213.wav,Erithacus rubecula,0.82,TRUE
SiteA_20250416_074742.wav,Erithacus rubecula,0.9,TRUE
SiteA_20250429_084959.wav,Erithacus rubecula,0.33,FALSE
SiteA_20250428_073517.wav,Erithacus rubecula,0.39,FALSE
SiteA_20250430_075409.wav,Erithacus rubecula,0.46,TRUE
SiteA_20250616_084624.wav,Fringilla coelebs,0.57,TRUE
SiteA_20250611_053541.wav,Fringilla coelebs,0.87,FALSE
SiteA_20250606_090135.wav,Fringilla coelebs,0.43,TRUE
SiteA_20250624_053134.wav,Fringilla coelebs,0.5,TRUE
SiteA_20250610_084218.wav,Fringilla coelebs,0.66,TRUE
SiteA_20250609_043944.wav,Fringilla coelebs,0.22,FALSE
SiteA_20250622_085512.wav,Fringilla coelebs,0.27,FALSE
SiteA_20250604_085640.wav,Fringilla coelebs,0.23,FALSE
SiteA_20250529_085206.wav,Fringilla coelebs,0.12,FALSE
SiteA_20250607_095504.wav,Fringilla coelebs,0.8,TRUE
SiteA_20250605_045650.wav,Fringilla coelebs,0.83,TRUE
SiteA_20250620_052115.wav,Fringilla coelebs,0.27,FALSE
SiteA_20250615_050116.wav,Fringilla coelebs,0.87,TRUE
SiteA_20250618_095809.wav,Fringilla coelebs,0.53,FALSE
SiteA_20250611_040842.wav,Fringilla coelebs,0.79,TRUE
SiteA_20250607_094211.wav,Fringilla coelebs,0.73,FALSE
SiteA_20250609_083542.wav,Fringilla coelebs,0.65,TRUE
SiteA_20250609_060746.wav,Fringilla coelebs,0.76,TRUE
SiteA_20250616_070005.wav,Fringilla coelebs,0.24,TRUE
SiteA_20250619_071457.wav,Fringilla coelebs,0.42,FALSE
SiteA_20250622_071706.wav,Fringilla coelebs,0.6,TRUE
SiteA_20250606_092000.wav,Fringilla coelebs,0.35,FALSE
SiteA_20250622_054510.wav,Fringilla coelebs,0.12,FALSE
SiteA_20250617_052657.wav,Fringilla coelebs,0.37,FALSE
SiteA_20250607_054249.wav,Fringilla coelebs,0.43,TRUE
SiteA_20250611_081351.wav,Fringilla coelebs,0.25,FALSE
SiteA_20250623_054632.wav,Fringilla coelebs,0.31,FALSE
SiteA_20250612_093427.wav,Fringilla coelebs,0.2,FALSE
SiteA_20250523_094829.wav,Fringilla coelebs,0.89,TRUE
SiteA_20250528_073322.wav,Fringilla coelebs,0.92,TRUE
SiteA_20250624_055532.wav,Fringilla coelebs,0.51,TRUE
SiteA_20250601_090405.wav,Fringilla coelebs,0.49,TRUE
SiteA_20250626_040115.wav,Fringilla coelebs,0.35,FALSE
SiteA_20250626_092331.wav,Fringilla coelebs,0.36,TRUE
SiteA_20250620_043137.wav,Fringilla coelebs,0.3,FALSE
SiteA_20250628_041829.wav,Fringilla coelebs,0.42,FALSE
SiteA_20250612_045243.wav,Fringilla coelebs,0.95,TRUE
SiteA_20250616_044613.wav,Fringilla coelebs,0.64,TRUE
SiteA_20250621_070923.wav,Fringilla coelebs,0.2,FALSE
SiteA_20250627_052728.wav,Fringilla coelebs,0.89,TRUE
SiteA_20250612_053616.wav,Fringilla coelebs,0.33,FALSE
SiteA_20250612_043716.wav,Fringilla coelebs,0.77,TRUE
SiteA_20250618_090116.wav,Fringilla coelebs,0.92,TRUE
SiteA_20250603_042209.wav,Fringilla coelebs,0.58,TRUE
SiteA_20250622_075354.wav,Fringilla coelebs,0.8,FALSE
SiteA_20250627_044505.wav,Fringilla coelebs,0.86,TRUE
SiteA_20250626_080450.wav,Fringilla coelebs,0.75,FALSE
SiteA_20250629_042845.wav,Fringilla coelebs,0.83,TRUE
SiteA_20250626_091733.wav,Fringilla coelebs,0.32,FALSE
SiteA_20250608_065409.wav,Fringilla coelebs,0.99,TRUE
SiteA_20250528_072007.wav,Fringilla coelebs,0.53,TRUE
SiteA_20250618_050122.wav,Fringilla coelebs,0.59,TRUE
SiteA_20250522_083821.wav,Fringilla coelebs,0.46,TRUE
SiteA_20250612_081115.wav,Fringilla coelebs,0.37,TRUE
SiteA_20250609_065204.wav,Fringilla coelebs,0.6,TRUE
SiteA_20250602_041145.wav,Fringilla coelebs,0.12,TRUE
SiteA_20250602_050200.wav,Fringilla coelebs,0.65,TRUE
SiteA_20250508_074120.wav,Fringilla coelebs,0.56,TRUE
SiteA_20250519_083946.wav,Fringilla coelebs,0.17,FALSE
SiteA_20250627_070037.wav,Fringilla coelebs,0.98,TRUE
SiteA_20250629_062424.wav,Fringilla coelebs,0.78,TRUE
SiteA_20250503_055946.wav,Fringilla coelebs,0.52,FALSE
SiteA_20250516_064818.wav,Fringilla coelebs,0.34,FALSE
SiteA_20250630_051743.wav,Fringilla coelebs,0.99,TRUE
SiteA_20250624_064531.wav,Fringilla coelebs,0.23,FALSE
SiteA_20250614_061458.wav,Fringilla coelebs,0.15,FALSE
SiteA_20250528_061727.wav,Fringilla coelebs,0.61,TRUE
SiteA_20250612_092407.wav,Fringilla coelebs,0.48,FALSE
SiteA_20250529_073839.wav,Fringilla coelebs,0.57,TRUE
SiteA_20250609_042007.wav,Fringilla coelebs,0.34,TRUE
SiteA_20250530_082847.wav,Fringilla coelebs,0.96,TRUE
SiteA_20250623_065625.wav,Fringilla coelebs,0.39,TRUE
SiteA_20250613_042826.wav,Fringilla coelebs,0.82,TRUE
SiteA_20250617_052844.wav,Fringilla coelebs,0.6,FALSE
SiteA_20250627_041356.wav,Fringilla coelebs,0.61,TRUE
SiteA_20250612_065447.wav,Fringilla coelebs,0.71,TRUE
SiteA_20250618_051423.wav,Fringilla coelebs,0.66,FALSE
SiteA_20250524_044257.wav,Fringilla coelebs,0.9,TRUE
SiteA_20250622_073639.wav,Fringilla coelebs,0.41,TRUE
SiteA_20250609_052639.wav,Fringilla coelebs,0.31,FALSE
SiteA_20250528_082506.wav,Fringilla coelebs,0.76,TRUE
SiteA_20250526_065632.wav,Fringilla coelebs,0.91,TRUE
SiteA_20250619_081422.wav,Fringilla coelebs,0.51,FALSE
SiteA_20250617_045825.wav,Fringilla coelebs,0.41,FALSE
SiteA_20250617_041416.wav,Fringilla coelebs,0.14,FALSE
SiteA_20250623_055512.wav,Fringilla coelebs,0.46,FALSE
SiteA_20250601_042336.wav,Fringilla coelebs,0.27,FALSE
SiteA_20250622_062147.wav,Fringilla coelebs,0.56,TRUE
SiteA_20250520_095250.wav,Phylloscopus trochilus,0.91,TRUE
SiteA_20250515_095828.wav,Phylloscopus trochilus,0.78,TRUE
SiteA_20250422_040837.wav,Phylloscopus trochilus,0.9,TRUE
SiteA_20250606_080722.wav,Phylloscopus trochilus,0.3,FALSE
SiteA_20250425_065924.wav,Phylloscopus trochilus,0.5,TRUE
SiteA_20250515_092338.wav,Phylloscopus trochilus,0.74,TRUE
SiteA_20250607_052754.wav,Phylloscopus trochilus,0.34,FALSE
SiteA_20250530_082616.wav,Phylloscopus trochilus,0.63,FALSE
SiteA_20250531_051406.wav,Phylloscopus trochilus,0.33,TRUE
SiteA_20250527_041339.wav,Phylloscopus trochilus,0.78,TRUE
SiteA_20250511_051920.wav,Phylloscopus trochilus,0.32,TRUE
SiteA_20250526_091952.wav,Phylloscopus trochilus,0.63,FALSE
SiteA_20250530_050019.wav,Phylloscopus trochilus,0.48,TRUE
SiteA_20250604_065300.wav,Phylloscopus trochilus,0.32,FALSE
SiteA_20250608_043654.wav,Phylloscopus trochilus,0.63,TRUE
SiteA_20250514_093210.wav,Phylloscopus trochilus,0.65,TRUE
SiteA_20250613_054532.wav,Phylloscopus trochilus,0.7,TRUE
SiteA_20250620_061944.wav,Phylloscopus trochilus,0.78,FALSE
SiteA_20250517_081735.wav,Phylloscopus trochilus,0.78,TRUE
SiteA_20250618_050450.wav,Phylloscopus trochilus,0.47,FALSE
SiteA_20250602_090251.wav,Phylloscopus trochilus,0.45,TRUE
SiteA_20250518_063018.wav,Phylloscopus trochilus,0.51,TRUE
SiteA_20250522_090011.wav,Phylloscopus trochilus,0.58,TRUE
SiteA_20250524_041509.wav,Phylloscopus trochilus,0.21,TRUE
SiteA_20250523_040924.wav,Phylloscopus trochilus,0.95,TRUE
SiteA_20250524_075656.wav,Phylloscopus trochilus,0.15,FALSE
SiteA_20250509_040957.wav,Phylloscopus trochilus,0.81,TRUE
SiteA_20250519_091136.wav,Phylloscopus trochilus,0.58,TRUE
SiteA_20250602_094029.wav,Phylloscopus trochilus,1,TRUE
SiteA_20250609_042107.wav,Phylloscopus trochilus,0.52,FALSE
SiteA_20250528_064751.wav,Phylloscopus trochilus,0.63,TRUE
SiteA_20250518_071847.wav,Phylloscopus trochilus,0.73,TRUE
SiteA_20250620_051934.wav,Phylloscopus trochilus,0.91,TRUE
SiteA_20250522_092057.wav,Phylloscopus trochilus,0.7,TRUE
SiteA_20250520_084409.wav,Phylloscopus trochilus,0.38,TRUE
SiteA_20250605_054119.wav,Phylloscopus trochilus,0.22,FALSE
SiteA_20250529_091028.wav,Phylloscopus trochilus,0.31,FALSE
SiteA_20250518_093111.wav,Phylloscopus trochilus,0.33,TRUE
SiteA_20250510_063505.wav,Phylloscopus trochilus,0.38,TRUE
SiteA_20250507_044425.wav,Phylloscopus trochilus,0.92,TRUE
SiteA_20250524_080755.wav,Phylloscopus trochilus,0.97,FALSE
SiteA_20250527_083120.wav,Phylloscopus trochilus,0.43,TRUE
SiteA_20250523_053909.wav,Phylloscopus trochilus,0.74,FALSE
SiteA_20250522_072346.wav,Phylloscopus trochilus,0.11,FALSE
SiteA_20250529_060923.wav,Phylloscopus trochilus,0.17,TRUE
SiteA_20250615_063048.wav,Phylloscopus trochilus,0.63,TRUE
SiteA_20250606_084607.wav,Phylloscopus trochilus,0.54,TRUE
SiteA_20250516_040528.wav,Phylloscopus trochilus,0.52,TRUE
SiteA_20250602_061519.wav,Phylloscopus trochilus,0.11,TRUE
SiteA_20250527_051841.wav,Phylloscopus trochilus,0.35,FALSE
SiteA_20250602_095811.wav,Phylloscopus trochilus,0.76,TRUE
SiteA_20250602_062603.wav,Phylloscopus trochilus,0.2,TRUE
SiteA_20250530_063102.wav,Phylloscopus trochilus,0.83,TRUE
SiteA_20250524_081508.wav,Phylloscopus trochilus,0.18,TRUE
SiteA_20250519_050036.wav,Phylloscopus trochilus,0.95,TRUE
SiteA_20250522_061247.wav,Phylloscopus trochilus,0.79,TRUE
SiteA_20250610_062425.wav,Phylloscopus trochilus,0.9,TRUE
SiteA_20250517_074754.wav,Phylloscopus trochilus,0.1,TRUE
SiteA_20250529_075723.wav,Phylloscopus trochilus,0.42,TRUE
SiteA_20250520_062511.wav,Phylloscopus trochilus,0.43,TRUE
SiteA_20250523_040816.wav,Phylloscopus trochilus,0.89,TRUE
SiteA_20250528_074059.wav,Phylloscopus trochilus,0.9,FALSE
SiteA_20250521_042522.wav,Phylloscopus trochilus,0.82,TRUE
SiteA_20250626_051627.wav,Phylloscopus trochilus,0.9,TRUE
SiteA_20250522_083558.wav,Phylloscopus trochilus,0.28,FALSE
SiteA_20250523_060341.wav,Phylloscopus trochilus,0.47,FALSE
SiteA_20250518_054747.wav,Phylloscopus trochilus,0.16,FALSE
SiteA_20250607_045835.wav,Phylloscopus trochilus,0.21,FALSE
SiteA_20250618_095802.wav,Phylloscopus trochilus,0.16,TRUE
SiteA_20250514_095419.wav,Phylloscopus trochilus,0.31,TRUE
SiteA_20250521_074349.wav,Phylloscopus trochilus,0.35,TRUE
SiteA_20250607_062619.wav,Phylloscopus trochilus,0.97,TRUE
SiteA_20250517_081331.wav,Phylloscopus trochilus,0.5,FALSE
SiteA_20250525_054103.wav,Phylloscopus trochilus,0.82,TRUE
SiteA_20250601_065028.wav,Phylloscopus trochilus,0.86,TRUE
SiteA_20250609_050338.wav,Phylloscopus trochilus,0.73,TRUE
SiteA_20250521_073825.wav,Phylloscopus trochilus,0.78,TRUE
SiteA_20250520_084945.wav,Phylloscopus trochilus,0.12,FALSE
SiteA_20250614_065423.wav,Phylloscopus trochilus,0.91,TRUE
SiteA_20250521_050323.wav,Phylloscopus trochilus,0.85,TRUE
SiteA_20250621_081239.wav,Phylloscopus trochilus,0.85,TRUE
SiteA_20250604_083734.wav,Phylloscopus trochilus,0.6,TRUE
SiteA_20250606_064753.wav,Phylloscopus trochilus,0.59,TRUE
SiteA_20250519_061057.wav,Phylloscopus trochilus,0.55,TRUE
SiteA_20250505_093324.wav,Phylloscopus trochilus,0.78,FALSE
SiteA_20250528_085555.wav,Phylloscopus trochilus,0.18,TRUE
SiteA_20250415_063005.wav,Phylloscopus trochilus,0.47,TRUE
SiteA_20250603_070022.wav,Phylloscopus trochilus,0.23,FALSE
SiteA_20250525_092824.wav,Phylloscopus trochilus,0.23,FALSE
SiteA_20250610_091530.wav,Phylloscopus trochilus,0.17,FALSE
SiteA_20250601_081204.wav,Phylloscopus trochilus,0.42,TRUE
SiteA_20250528_050636.wav,Phylloscopus trochilus,0.65,TRUE
SiteA_20250607_082902.wav,Phylloscopus trochilus,0.54,TRUE
SiteA_20250507_055351.wav,Turdus philomelos,0.73,TRUE
SiteA_20250512_080750.wav,Turdus philomelos,0.91,TRUE
SiteA_20250501_093906.wav,Turdus philomelos,0.46,TRUE
SiteA_20250518_054043.wav,Turdus philomelos,0.21,FALSE
SiteA_20250504_052842.wav,Turdus philomelos,0.78,TRUE
SiteA_20250520_091425.wav,Turdus philomelos,0.16,FALSE
SiteA_20250520_073805.wav,Turdus philomelos,0.79,TRUE
SiteA_20250513_092956.wav,Turdus philomelos,0.39,FALSE
SiteA_20250426_083323.wav,Turdus philomelos,0.32,FALSE
SiteA_20250514_055521.wav,Turdus philomelos,0.24,FALSE
SiteA_20250508_093731.wav,Turdus philomelos,0.3,TRUE
SiteA_20250501_072327.wav,Turdus philomelos,0.33,FALSE
SiteA_20250430_084025.wav,Turdus philomelos,0.73,TRUE
SiteA_20250428_050055.wav,Turdus philomelos,0.86,TRUE
SiteA_20250517_093456.wav,Turdus philomelos,0.35,FALSE
SiteA_20250506_072912.wav,Turdus philomelos,0.52,TRUE
SiteA_20250507_054338.wav,Turdus philomelos,1,TRUE
SiteA_20250521_072505.wav,Turdus philomelos,0.85,TRUE
SiteA_20250427_084538.wav,Turdus philomelos,0.47,FALSE
SiteA_20250428_040513.wav,Turdus philomelos,0.62,TRUE
SiteA_20250518_051632.wav,Turdus philomelos,0.94,TRUE
SiteA_20250521_064222.wav,Turdus philomelos,0.14,FALSE
SiteA_20250515_065454.wav,Turdus philomelos,0.25,FALSE
SiteA_20250416_063613.wav,Turdus philomelos,0.62,FALSE
SiteA_20250423_093849.wav,Turdus philomelos,0.52,FALSE
SiteA_20250508_040027.wav,Turdus philomelos,0.21,FALSE
SiteA_20250426_051932.wav,Turdus philomelos,0.45,TRUE
SiteA_20250505_074952.wav,Turdus philomelos,0.7,TRUE
SiteA_20250519_085632.wav,Turdus philomelos,0.43,FALSE
SiteA_20250503_065519.wav,Turdus philomelos,0.4,FALSE
SiteA_20250503_054017.wav,Turdus philomelos,0.12,FALSE
SiteA_20250514_053917.wav,Turdus philomelos,0.9,TRUE
SiteA_20250424_075410.wav,Turdus philomelos,0.15,FALSE
SiteA_20250507_074240.wav,Turdus philomelos,0.13,TRUE
SiteA_20250418_091513.wav,Turdus philomelos,0.78,TRUE
SiteA_20250426_075807.wav,Turdus philomelos,0.45,FALSE
SiteA_20250520_085709.wav,Turdus philomelos,0.46,TRUE
SiteA_20250509_084839.wav,Turdus philomelos,0.27,FALSE
SiteA_20250506_090603.wav,Turdus philomelos,0.74,TRUE
SiteA_20250516_073032.wav,Turdus philomelos,0.83,TRUE
SiteA_20250502_093750.wav,Turdus philomelos,0.75,TRUE
SiteA_20250428_072834.wav,Turdus philomelos,0.74,TRUE
SiteA_20250518_062430.wav,Turdus philomelos,0.38,FALSE
SiteA_20250506_094517.wav,Turdus philomelos,0.15,FALSE
SiteA_20250417_053353.wav,Turdus philomelos,0.63,TRUE
SiteA_20250505_070806.wav,Turdus philomelos,0.37,TRUE
SiteA_20250501_041936.wav,Turdus philomelos,0.49,TRUE
SiteA_20250503_081504.wav,Turdus philomelos,0.62,FALSE
SiteA_20250513_054443.wav,Turdus philomelos,0.27,FALSE
SiteA_20250519_074608.wav,Turdus philomelos,0.17,FALSE
SiteA_20250516_071345.wav,Turdus philomelos,0.9,TRUE
SiteA_20250503_065450.wav,Turdus philomelos,0.41,FALSE
SiteA_20250519_055310.wav,Turdus philomelos,0.36,FALSE
SiteA_20250424_082343.wav,Turdus philomelos,0.95,TRUE
SiteA_20250506_055350.wav,Turdus philomelos,0.54,FALSE
SiteA_20250510_054150.wav,Turdus philomelos,0.53,FALSE
SiteA_20250504_073630.wav,Turdus philomelos,0.68,TRUE
SiteA_20250513_092715.wav,Turdus philomelos,0.29,FALSE
SiteA_20250523_051338.wav,Turdus philomelos,0.9,TRUE
SiteA_20250423_061213.wav,Turdus philomelos,0.18,FALSE
SiteA_20250523_062554.wav,Turdus philomelos,0.92,TRUE
SiteA_20250513_080758.wav,Turdus philomelos,0.39,FALSE
SiteA_20250502_074519.wav,Turdus philomelos,0.33,TRUE
SiteA_20250523_055118.wav,Turdus philomelos,0.59,TRUE
SiteA_20250514_051141.wav,Turdus philomelos,0.45,FALSE
SiteA_20250506_061745.wav,Turdus philomelos,0.45,TRUE
SiteA_20250519_084901.wav,Turdus philomelos,0.43,TRUE
SiteA_20250511_082209.wav,Turdus philomelos,0.58,TRUE
SiteA_20250518_074030.wav,Turdus philomelos,0.71,TRUE
SiteA_20250428_054528.wav,Turdus philomelos,0.34,FALSE
SiteA_20250509_083103.wav,Turdus philomelos,0.39,FALSE
SiteA_20250510_055138.wav,Turdus philomelos,0.88,TRUE
SiteA_20250508_074152.wav,Turdus philomelos,0.98,TRUE
SiteB_20250629_085312.wav,Fringilla coelebs,0.81,TRUE
SiteB_20250529_094718.wav,Fringilla coelebs,0.3,FALSE
SiteB_20250628_094759.wav,Fringilla coelebs,0.24,FALSE
SiteB_20250607_085231.wav,Fringilla coelebs,0.94,TRUE
SiteB_20250614_064325.wav,Fringilla coelebs,0.7,FALSE
SiteB_20250603_061348.wav,Fringilla coelebs,0.33,TRUE
SiteB_20250610_054327.wav,Fringilla coelebs,0.6,TRUE
SiteB_20250627_091318.wav,Fringilla coelebs,0.29,FALSE
SiteB_20250609_074153.wav,Fringilla coelebs,0.94,TRUE
SiteB_20250526_041040.wav,Fringilla coelebs,0.85,TRUE
SiteB_20250616_063133.wav,Fringilla coelebs,0.93,TRUE
SiteB_20250621_074301.wav,Fringilla coelebs,0.45,TRUE
SiteB_20250603_095241.wav,Fringilla coelebs,0.2,TRUE
SiteB_20250607_072903.wav,Fringilla coelebs,0.64,TRUE
SiteB_20250624_090834.wav,Fringilla coelebs,0.44,TRUE
SiteB_20250623_083409.wav,Fringilla coelebs,0.17,TRUE
SiteB_20250612_072921.wav,Fringilla coelebs,0.51,TRUE
SiteB_20250612_081414.wav,Fringilla coelebs,0.68,TRUE
SiteB_20250523_050921.wav,Fringilla coelebs,0.38,FALSE
SiteB_20250608_045313.wav,Fringilla coelebs,0.6,FALSE
SiteB_20250529_061434.wav,Fringilla coelebs,0.21,FALSE
SiteB_20250607_050146.wav,Fringilla coelebs,0.74,TRUE
SiteB_20250613_042920.wav,Fringilla coelebs,0.71,FALSE
SiteB_20250612_042253.wav,Fringilla coelebs,0.71,TRUE
SiteB_20250604_053548.wav,Fringilla coelebs,0.13,TRUE
SiteB_20250615_050430.wav,Fringilla coelebs,0.47,TRUE
SiteB_20250623_094027.wav,Fringilla coelebs,0.85,TRUE
SiteB_20250610_094857.wav,Fringilla coelebs,0.22,TRUE
SiteB_20250613_055740.wav,Fringilla coelebs,0.13,FALSE
SiteB_20250613_062415.wav,Fringilla coelebs,0.43,TRUE
SiteB_20250629_054102.wav,Fringilla coelebs,0.96,TRUE
SiteB_20250628_072327.wav,Fringilla coelebs,0.29,FALSE
SiteB_20250623_075035.wav,Fringilla coelebs,0.72,TRUE
SiteB_20250602_085818.wav,Fringilla coelebs,0.11,FALSE
SiteB_20250616_055827.wav,Fringilla coelebs,0.38,TRUE
SiteB_20250618_083020.wav,Fringilla coelebs,0.62,FALSE
SiteB_20250611_055505.wav,Fringilla coelebs,0.97,TRUE
SiteB_20250615_073450.wav,Fringilla coelebs,1,TRUE
SiteB_20250621_055757.wav,Fringilla coelebs,0.98,TRUE
SiteB_20250608_090802.wav,Fringilla coelebs,0.2,FALSE
SiteB_20250611_064054.wav,Fringilla coelebs,0.94,TRUE
SiteB_20250618_062310.wav,Fringilla coelebs,0.72,TRUE
SiteB_20250614_091303.wav,Fringilla coelebs,0.24,TRUE
SiteB_20250627_064906.wav,Fringilla coelebs,0.79,FALSE
SiteB_20250628_055119.wav,Fringilla coelebs,0.22,TRUE
SiteB_20250611_045821.wav,Fringilla coelebs,0.5,TRUE
SiteB_20250521_042723.wav,Fringilla coelebs,0.83,TRUE
SiteB_20250622_085130.wav,Fringilla coelebs,0.6,TRUE
SiteB_20250610_042006.wav,Fringilla coelebs,0.97,TRUE
SiteB_20250601_051517.wav,Fringilla coelebs,0.84,TRUE
SiteB_20250613_085912.wav,Fringilla coelebs,0.16,FALSE
SiteB_20250629_061951.wav,Fringilla coelebs,0.39,FALSE
SiteB_20250616_043348.wav,Fringilla coelebs,0.8,TRUE
SiteB_20250508_053540.wav,Fringilla coelebs,0.12,FALSE
SiteB_20250619_080710.wav,Fringilla coelebs,0.22,FALSE
SiteB_20250618_092355.wav,Fringilla coelebs,0.18,FALSE
SiteB_20250619_073453.wav,Fringilla coelebs,0.43,TRUE
SiteB_20250611_051125.wav,Fringilla coelebs,0.55,TRUE
SiteB_20250624_095346.wav,Fringilla coelebs,0.57,TRUE
SiteB_20250618_093738.wav,Fringilla coelebs,0.47,TRUE
SiteB_20250503_070240.wav,Fringilla coelebs,0.58,TRUE
SiteB_20250530_093616.wav,Fringilla coelebs,0.33,FALSE
SiteB_20250614_090640.wav,Fringilla coelebs,0.62,TRUE
SiteB_20250628_095034.wav,Fringilla coelebs,0.42,FALSE
SiteB_20250614_094556.wav,Fringilla coelebs,0.95,TRUE
SiteB_20250530_094712.wav,Fringilla coelebs,0.69,TRUE
SiteB_20250525_060849.wav,Fringilla coelebs,0.76,TRUE
SiteB_20250602_053854.wav,Fringilla coelebs,0.31,FALSE
SiteB_20250608_072919.wav,Fringilla coelebs,0.95,TRUE
SiteB_20250619_071727.wav,Fringilla coelebs,0.47,FALSE
SiteB_20250616_054433.wav,Fringilla coelebs,0.29,TRUE
SiteB_20250615_061851.wav,Fringilla coelebs,0.52,TRUE
SiteB_20250531_084302.wav,Fringilla coelebs,0.81,TRUE
SiteB_20250630_081154.wav,Fringilla coelebs,0.22,FALSE
SiteB_20250626_095906.wav,Fringilla coelebs,0.85,TRUE
SiteB_20250524_055321.wav,Fringilla coelebs,0.51,TRUE
SiteB_20250601_090759.wav,Fringilla coelebs,0.82,TRUE
SiteB_20250614_040245.wav,Fringilla coelebs,0.86,TRUE
SiteB_20250511_063515.wav,Fringilla coelebs,0.2,TRUE
SiteB_20250607_085450.wav,Fringilla coelebs,0.18,FALSE
SiteB_20250605_050317.wav,Fringilla coelebs,0.77,TRUE
SiteB_20250530_085559.wav,Fringilla coelebs,0.55,FALSE
SiteB_20250616_085141.wav,Fringilla coelebs,0.69,TRUE
SiteB_20250527_045927.wav,Phylloscopus trochilus,0.53,TRUE
SiteB_20250607_065344.wav,Phylloscopus trochilus,0.86,TRUE
SiteB_20250527_095555.wav,Phylloscopus trochilus,0.8,TRUE
SiteB_20250522_063456.wav,Phylloscopus trochilus,0.75,TRUE
SiteB_20250502_040125.wav,Phylloscopus trochilus,0.56,TRUE
SiteB_20250521_070110.wav,Phylloscopus trochilus,0.2,FALSE
SiteB_20250624_063726.wav,Phylloscopus trochilus,0.99,TRUE
SiteB_20250619_045047.wav,Phylloscopus trochilus,0.84,TRUE
SiteB_20250621_045700.wav,Phylloscopus trochilus,0.99,TRUE
SiteB_20250513_042129.wav,Phylloscopus trochilus,0.58,FALSE
SiteB_20250529_060632.wav,Phylloscopus trochilus,0.39,TRUE
SiteB_20250630_053142.wav,Phylloscopus trochilus,0.51,TRUE
SiteB_20250528_061954.wav,Phylloscopus trochilus,0.65,FALSE
SiteB_20250603_044009.wav,Phylloscopus trochilus,0.65,TRUE
SiteB_20250605_091525.wav,Phylloscopus trochilus,0.81,TRUE
SiteB_20250603_060019.wav,Phylloscopus trochilus,0.9,TRUE
SiteB_20250510_090746.wav,Phylloscopus trochilus,0.86,TRUE
SiteB_20250520_063852.wav,Phylloscopus trochilus,0.69,TRUE
SiteB_20250612_051659.wav,Phylloscopus trochilus,0.99,TRUE
SiteB_20250603_052213.wav,Phylloscopus trochilus,0.69,TRUE
SiteB_20250603_070945.wav,Phylloscopus trochilus,0.55,FALSE
SiteB_20250521_042149.wav,Phylloscopus trochilus,0.62,FALSE
SiteB_20250523_073432.wav,Phylloscopus trochilus,0.14,FALSE
SiteB_20250513_064954.wav,Phylloscopus trochilus,0.32,FALSE
SiteB_20250525_065230.wav,Phylloscopus trochilus,0.27,TRUE
SiteB_20250520_071126.wav,Phylloscopus trochilus,0.14,TRUE
SiteB_20250531_062545.wav,Phylloscopus trochilus,0.45,TRUE
SiteB_20250605_041928.wav,Phylloscopus trochilus,0.48,TRUE
SiteB_20250530_090625.wav,Phylloscopus trochilus,0.12,FALSE
SiteB_20250529_075028.wav,Phylloscopus trochilus,0.36,FALSE
SiteB_20250618_062313.wav,Phylloscopus trochilus,0.4,TRUE
SiteB_20250508_091526.wav,Phylloscopus trochilus,0.94,TRUE
SiteB_20250610_063620.wav,Phylloscopus trochilus,0.87,TRUE
SiteB_20250522_075507.wav,Phylloscopus trochilus,0.53,TRUE
SiteB_20250602_081448.wav,Phylloscopus trochilus,0.6,TRUE
SiteB_20250604_095257.wav,Phylloscopus trochilus,0.89,TRUE
SiteB_20250609_043014.wav,Phylloscopus trochilus,0.27,FALSE
SiteB_20250607_043847.wav,Phylloscopus trochilus,0.33,FALSE
SiteB_20250510_095204.wav,Phylloscopus trochilus,0.61,TRUE
SiteB_20250606_042258.wav,Phylloscopus trochilus,1,TRUE
SiteB_20250606_081346.wav,Phylloscopus trochilus,0.36,FALSE
SiteB_20250516_080632.wav,Phylloscopus trochilus,0.71,TRUE
SiteB_20250619_080033.wav,Phylloscopus trochilus,0.35,TRUE
SiteB_20250521_044657.wav,Phylloscopus trochilus,0.75,FALSE
SiteB_20250517_082648.wav,Phylloscopus trochilus,0.55,TRUE
SiteB_20250526_072600.wav,Phylloscopus trochilus,0.48,FALSE
SiteB_20250606_071846.wav,Phylloscopus trochilus,0.66,TRUE
SiteB_20250613_092710.wav,Phylloscopus trochilus,0.34,FALSE
SiteB_20250620_043505.wav,Phylloscopus trochilus,0.23,FALSE
SiteB_20250616_093828.wav,Phylloscopus trochilus,0.89,FALSE
SiteB_20250521_055325.wav,Phylloscopus trochilus,0.21,FALSE
SiteB_20250617_093018.wav,Phylloscopus trochilus,0.11,TRUE
SiteB_20250502_072315.wav,Phylloscopus trochilus,0.17,FALSE
SiteB_20250522_071004.wav,Phylloscopus trochilus,0.76,TRUE
SiteB_20250602_064630.wav,Phylloscopus trochilus,0.65,TRUE
SiteB_20250620_065727.wav,Phylloscopus trochilus,0.42,FALSE
SiteB_20250613_072644.wav,Phylloscopus trochilus,0.24,TRUE
SiteB_20250518_092056.wav,Phylloscopus trochilus,0.76,FALSE
SiteB_20250601_073246.wav,Phylloscopus trochilus,0.21,TRUE
SiteB_20250528_044951.wav,Phylloscopus trochilus,0.98,TRUE
SiteB_20250513_082551.wav,Phylloscopus trochilus,0.37,FALSE
SiteB_20250627_072208.wav,Phylloscopus trochilus,0.33,TRUE
SiteB_20250620_053340.wav,Phylloscopus trochilus,0.32,FALSE
SiteB_20250522_094614.wav,Phylloscopus trochilus,0.52,TRUE
SiteB_20250601_052742.wav,Phylloscopus trochilus,0.26,FALSE
SiteB_20250530_041539.wav,Phylloscopus trochilus,0.81,FALSE
SiteB_20250604_040055.wav,Phylloscopus trochilus,0.19,FALSE
SiteB_20250528_045828.wav,Phylloscopus trochilus,0.48,TRUE
SiteB_20250511_054526.wav,Phylloscopus trochilus,0.31,FALSE
SiteB_20250523_045202.wav,Phylloscopus trochilus,0.85,TRUE
SiteB_20250604_095006.wav,Phylloscopus trochilus,0.35,TRUE
SiteB_20250512_095849.wav,Phylloscopus trochilus,0.68,TRUE
SiteB_20250615_061605.wav,Phylloscopus trochilus,0.64,TRUE
SiteB_20250516_045609.wav,Phylloscopus trochilus,0.49,TRUE
SiteB_20250612_042042.wav,Phylloscopus trochilus,0.48,TRUE
SiteB_20250602_091438.wav,Phylloscopus trochilus,0.65,FALSE
SiteB_20250603_090920.wav,Phylloscopus trochilus,0.62,FALSE
SiteB_20250513_090023.wav,Phylloscopus trochilus,0.45,TRUE
SiteB_20250502_093246.wav,Phylloscopus trochilus,0.33,FALSE
SiteB_20250611_094104.wav,Phylloscopus trochilus,0.81,TRUE
SiteB_20250515_070028.wav,Phylloscopus trochilus,0.65,TRUE
SiteB_20250530_085925.wav,Phylloscopus trochilus,0.42,FALSE
SiteB_20250523_064205.wav,Phylloscopus trochilus,0.77,TRUE
SiteB_20250601_084339.wav,Phylloscopus trochilus,0.68,TRUE
SiteB_20250523_043030.wav,Phylloscopus trochilus,0.11,TRUE
SiteB_20250510_054447.wav,Phylloscopus trochilus,0.12,TRUE
SiteB_20250616_051656.wav,Phylloscopus trochilus,0.79,TRUE
SiteB_20250520_090917.wav,Phylloscopus trochilus,0.65,TRUE
SiteB_20250519_053609.wav,Phylloscopus trochilus,0.52,TRUE
SiteB_20250612_091130.wav,Phylloscopus trochilus,0.41,FALSE
SiteB_20250615_094431.wav,Phylloscopus trochilus,0.82,TRUE
SiteB_20250523_084209.wav,Phylloscopus trochilus,0.62,FALSE
SiteB_20250523_040640.wav,Phylloscopus trochilus,0.11,FALSE
SiteB_20250506_072315.wav,Turdus philomelos,0.75,TRUE
SiteB_20250514_050949.wav,Turdus philomelos,0.58,TRUE
SiteB_20250513_060925.wav,Turdus philomelos,0.77,TRUE
SiteB_20250527_062857.wav,Turdus philomelos,0.47,FALSE
SiteB_20250524_051702.wav,Turdus philomelos,0.28,FALSE
SiteB_20250505_052749.wav,Turdus philomelos,0.2,FALSE
SiteB_20250509_045537.wav,Turdus philomelos,0.38,FALSE
SiteB_20250513_041349.wav,Turdus philomelos,0.25,FALSE
SiteB_20250511_045018.wav,Turdus philomelos,0.6,TRUE
SiteB_20250524_041826.wav,Turdus philomelos,0.49,TRUE
SiteB_20250426_051921.wav,Turdus philomelos,0.16,FALSE
SiteB_20250425_052055.wav,Turdus philomelos,0.23,FALSE
SiteB_20250430_061240.wav,Turdus philomelos,0.72,TRUE
SiteB_20250504_070913.wav,Turdus philomelos,0.35,TRUE
SiteB_20250530_050618.wav,Turdus philomelos,0.88,TRUE
SiteB_20250608_065930.wav,Turdus philomelos,0.35,TRUE
SiteB_20250518_052155.wav,Turdus philomelos,0.65,TRUE
SiteB_20250426_092342.wav,Turdus philomelos,0.58,FALSE
SiteB_20250530_045750.wav,Turdus philomelos,0.18,FALSE
SiteB_20250515_074242.wav,Turdus philomelos,0.49,FALSE
SiteB_20250423_081659.wav,Turdus philomelos,0.78,TRUE
SiteB_20250520_064033.wav,Turdus philomelos,0.44,FALSE
SiteB_20250430_095640.wav,Turdus philomelos,0.63,TRUE
SiteB_20250509_055813.wav,Turdus philomelos,0.61,TRUE
SiteB_20250505_074856.wav,Turdus philomelos,0.14,FALSE
SiteB_20250418_074827.wav,Turdus philomelos,0.53,TRUE
SiteB_20250519_093055.wav,Turdus philomelos,0.94,TRUE
SiteB_20250427_062428.wav,Turdus philomelos,0.21,FALSE
SiteB_20250506_082720.wav,Turdus philomelos,0.82,TRUE
SiteB_20250429_051252.wav,Turdus philomelos,0.46,FALSE
SiteB_20250417_054626.wav,Turdus philomelos,0.94,TRUE
SiteB_20250510_060833.wav,Turdus philomelos,0.79,TRUE
SiteB_20250428_064736.wav,Turdus philomelos,0.98,TRUE
SiteB_20250521_061856.wav,Turdus philomelos,0.76,TRUE
SiteB_20250501_075703.wav,Turdus philomelos,0.28,FALSE
SiteB_20250514_042235.wav,Turdus philomelos,0.18,FALSE
SiteB_20250514_051720.wav,Turdus philomelos,0.69,TRUE
SiteB_20250512_081632.wav,Turdus philomelos,0.92,TRUE
SiteB_20250501_082901.wav,Turdus philomelos,0.87,TRUE
SiteB_20250429_085836.wav,Turdus philomelos,0.75,TRUE
SiteB_20250520_050300.wav,Turdus philomelos,0.82,TRUE
SiteB_20250430_055026.wav,Turdus philomelos,0.81,TRUE
SiteB_20250518_093815.wav,Turdus philomelos,0.93,TRUE
SiteB_20250512_094532.wav,Turdus philomelos,0.54,TRUE
SiteB_20250509_051047.wav,Turdus philomelos,0.89,TRUE
SiteB_20250626_084426.wav,Turdus philomelos,0.35,TRUE
SiteB_20250423_054741.wav,Turdus philomelos,0.36,FALSE
SiteB_20250515_075959.wav,Turdus philomelos,0.27,FALSE
SiteB_20250510_074400.wav,Turdus philomelos,0.43,TRUE
SiteB_20250430_084400.wav,Turdus philomelos,0.21,FALSE
SiteB_20250512_055720.wav,Turdus philomelos,0.45,TRUE
SiteB_20250520_071426.wav,Turdus philomelos,0.82,TRUE
SiteB_20250514_054732.wav,Turdus philomelos,0.64,TRUE
SiteB_20250514_091403.wav,Turdus philomelos,0.12,FALSE
SiteB_20250505_050803.wav,Turdus philomelos,0.73,TRUE
SiteB_20250516_043324.wav,Turdus philomelos,0.89,TRUE
SiteB_20250503_090547.wav,Turdus philomelos,0.9,TRUE
SiteB_20250415_050745.wav,Turdus philomelos,0.32,TRUE
SiteB_20250509_073547.wav,Turdus philomelos,0.66,TRUE
SiteB_20250515_093256.wav,Turdus philomelos,0.26,FALSE
SiteB_20250519_062253.wav,Turdus philomelos,0.4,FALSE
SiteB_20250525_045150.wav,Turdus philomelos,0.48,TRUE
SiteB_20250422_071310.wav,Turdus philomelos,0.84,TRUE
SiteB_20250502_070137.wav,Turdus philomelos,0.47,TRUE
SiteB_20250501_075514.wav,Turdus philomelos,0.12,FALSE
SiteB_20250605_062012.wav,Turdus philomelos,0.17,FALSE
SiteB_20250424_092449.wav,Turdus philomelos,0.96,TRUE
SiteB_20250515_074443.wav,Turdus philomelos,0.63,TRUE
SiteB_20250512_061635.wav,Turdus philomelos,0.83,TRUE
SiteB_20250424_072937.wav,Turdus philomelos,0.46,FALSE
SiteB_20250429_044617.wav,Turdus philomelos,0.1,FALSE
SiteB_20250515_051216.wav,Turdus philomelos,0.37,TRUE
SiteB_20250510_051439.wav,Turdus philomelos,0.59,TRUE
SiteB_20250509_094351.wav,Turdus philomelos,0.45,FALSE
SiteB_20250608_073454.wav,Turdus philomelos,0.65,TRUE
SiteB_20250521_071836.wav,Turdus philomelos,0.64,TRUE
SiteB_20250509_080940.wav,Turdus philomelos,0.6,TRUE
SiteB_20250501_041322.wav,Turdus philomelos,0.89,TRUE
SiteB_20250506_083249.wav,Turdus philomelos,0.84,TRUE
SiteB_20250603_053902.wav,Turdus philomelos,0.52,TRUE
SiteB_20250506_092046.wav,Turdus philomelos,0.14,FALSE
SiteB_20250513_083444.wav,Turdus philomelos,0.74,TRUE
SiteB_20250518_075448.wav,Turdus philomelos,0.95,TRUE
SiteB_20250422_053500.wav,Turdus philomelos,0.59,FALSE
SiteB_20250513_073105.wav,Turdus philomelos,0.62,FALSE
SiteC_20250524_044501.wav,Phylloscopus trochilus,0.33,TRUE
SiteC_20250601_082056.wav,Phylloscopus trochilus,0.27,FALSE
SiteC_20250517_081529.wav,Phylloscopus trochilus,0.94,TRUE
SiteC_20250524_094000.wav,Phylloscopus trochilus,0.97,TRUE
SiteC_20250525_073004.wav,Phylloscopus trochilus,0.53,TRUE
SiteC_20250610_060910.wav,Phylloscopus trochilus,0.55,TRUE
SiteC_20250523_063927.wav,Phylloscopus trochilus,0.32,FALSE
SiteC_20250525_093412.wav,Phylloscopus trochilus,0.99,TRUE
SiteC_20250509_062440.wav,Phylloscopus trochilus,0.87,TRUE
SiteC_20250530_065105.wav,Phylloscopus trochilus,0.48,TRUE
SiteC_20250518_055615.wav,Phylloscopus trochilus,0.64,TRUE
SiteC_20250521_091427.wav,Phylloscopus trochilus,0.12,TRUE
SiteC_20250620_091458.wav,Phylloscopus trochilus,0.91,TRUE
SiteC_20250608_060919.wav,Phylloscopus trochilus,0.61,TRUE
SiteC_20250529_055642.wav,Phylloscopus trochilus,0.25,TRUE
SiteC_20250525_041322.wav,Phylloscopus trochilus,0.79,TRUE
SiteC_20250525_092450.wav,Phylloscopus trochilus,0.52,FALSE
SiteC_20250617_043537.wav,Phylloscopus trochilus,0.23,FALSE
SiteC_20250529_080847.wav,Phylloscopus trochilus,0.65,TRUE
SiteC_20250524_074024.wav,Phylloscopus trochilus,0.17,FALSE
SiteC_20250606_045838.wav,Phylloscopus trochilus,0.95,TRUE
SiteC_20250627_062628.wav,Phylloscopus trochilus,0.4,FALSE
SiteC_20250523_075617.wav,Phylloscopus trochilus,0.95,TRUE
SiteC_20250512_060318.wav,Phylloscopus trochilus,0.67,TRUE
SiteC_20250525_043451.wav,Phylloscopus trochilus,0.31,FALSE
SiteC_20250602_085843.wav,Phylloscopus trochilus,0.65,FALSE
SiteC_20250526_071839.wav,Phylloscopus trochilus,0.91,TRUE
SiteC_20250527_052406.wav,Phylloscopus trochilus,0.13,TRUE
SiteC_20250603_041815.wav,Phylloscopus trochilus,0.63,TRUE
SiteC_20250607_071321.wav,Phylloscopus trochilus,0.92,TRUE
SiteC_20250610_054306.wav,Phylloscopus trochilus,0.16,FALSE
SiteC_20250522_091943.wav,Phylloscopus trochilus,0.87,FALSE
SiteC_20250416_052949.wav,Phylloscopus trochilus,0.15,FALSE
SiteC_20250526_084132.wav,Phylloscopus trochilus,0.33,TRUE
SiteC_20250609_062009.wav,Phylloscopus trochilus,0.52,FALSE
SiteC_20250604_093209.wav,Phylloscopus trochilus,0.17,FALSE
SiteC_20250425_090929.wav,Phylloscopus trochilus,0.27,TRUE
SiteC_20250611_081410.wav,Phylloscopus trochilus,0.74,TRUE
SiteC_20250501_063123.wav,Phylloscopus trochilus,0.66,TRUE
SiteC_20250517_090214.wav,Phylloscopus trochilus,0.8,TRUE
SiteC_20250415_055455.wav,Phylloscopus trochilus,0.18,TRUE
SiteC_20250614_064219.wav,Phylloscopus trochilus,0.32,TRUE
SiteC_20250603_064417.wav,Phylloscopus trochilus,0.43,TRUE
SiteC_20250519_041339.wav,Phylloscopus trochilus,0.35,FALSE
SiteC_20250422_060615.wav,Phylloscopus trochilus,0.78,TRUE
SiteC_20250612_065656.wav,Phylloscopus trochilus,0.7,TRUE
SiteC_20250601_093516.wav,Phylloscopus trochilus,0.75,TRUE
SiteC_20250603_045438.wav,Phylloscopus trochilus,0.58,TRUE
SiteC_20250603_092848.wav,Phylloscopus trochilus,0.73,TRUE
SiteC_20250601_095311.wav,Phylloscopus trochilus,0.7,TRUE
SiteC_20250613_063332.wav,Phylloscopus trochilus,0.89,TRUE
SiteC_20250422_055612.wav,Phylloscopus trochilus,0.27,FALSE
SiteC_20250529_040604.wav,Phylloscopus trochilus,0.2,FALSE
SiteC_20250522_093538.wav,Phylloscopus trochilus,0.82,TRUE
SiteC_20250521_081905.wav,Phylloscopus trochilus,0.85,TRUE
SiteC_20250429_054329.wav,Phylloscopus trochilus,0.93,TRUE
SiteC_20250501_041720.wav,Turdus philomelos,0.21,FALSE
SiteC_20250504_090218.wav,Turdus philomelos,0.76,TRUE
SiteC_20250629_043039.wav,Turdus philomelos,0.34,FALSE
SiteC_20250510_072602.wav,Turdus philomelos,0.22,TRUE
SiteC_20250429_041842.wav,Turdus philomelos,0.26,FALSE
SiteC_20250503_092958.wav,Turdus philomelos,0.7,TRUE
SiteC_20250515_052134.wav,Turdus philomelos,0.77,TRUE
SiteC_20250628_073332.wav,Turdus philomelos,0.13,FALSE
SiteC_20250422_050909.wav,Turdus philomelos,0.65,TRUE
SiteC_20250507_052305.wav,Turdus philomelos,0.96,TRUE
SiteC_20250429_040645.wav,Turdus philomelos,0.49,FALSE
SiteC_20250508_040440.wav,Turdus philomelos,0.75,TRUE
SiteC_20250515_050112.wav,Turdus philomelos,0.39,TRUE
SiteC_20250601_060150.wav,Turdus philomelos,0.25,FALSE
SiteC_20250626_070623.wav,Turdus philomelos,0.2,FALSE
SiteC_20250503_072246.wav,Turdus philomelos,0.64,TRUE
SiteC_20250516_065652.wav,Turdus philomelos,0.52,FALSE
SiteC_20250508_071350.wav,Turdus philomelos,0.54,TRUE
SiteC_20250509_083758.wav,Turdus philomelos,0.3,FALSE
SiteC_20250630_091507.wav,Turdus philomelos,0.12,FALSE
SiteC_20250428_040452.wav,Turdus philomelos,0.96,TRUE
SiteC_20250506_062521.wav,Turdus philomelos,0.37,FALSE
SiteC_20250515_065558.wav,Turdus philomelos,0.86,TRUE
SiteC_20250502_085001.wav,Turdus philomelos,0.34,TRUE
SiteC_20250508_060535.wav,Turdus philomelos,0.25,FALSE
SiteC_20250511_065639.wav,Turdus philomelos,0.52,TRUE
SiteC_20250515_053222.wav,Turdus philomelos,0.27,FALSE
SiteC_20250430_080354.wav,Turdus philomelos,0.28,FALSE
SiteC_20250427_091450.wav,Turdus philomelos,0.3,FALSE
SiteC_20250509_055307.wav,Turdus philomelos,0.7,TRUE
SiteC_20250507_060157.wav,Turdus philomelos,0.67,FALSE
SiteC_20250507_091413.wav,Turdus philomelos,0.16,FALSE
SiteC_20250515_063639.wav,Turdus philomelos,0.84,TRUE
SiteC_20250512_053656.wav,Turdus philomelos,0.24,FALSE
SiteC_20250508_051609.wav,Turdus philomelos,0.71,FALSE
SiteC_20250513_055318.wav,Turdus philomelos,0.43,FALSE
SiteC_20250503_072047.wav,Turdus philomelos,0.46,FALSE
SiteC_20250511_053920.wav,Turdus philomelos,0.73,TRUE
SiteC_20250502_040541.wav,Turdus philomelos,0.25,FALSE
SiteC_20250531_081902.wav,Turdus philomelos,0.31,FALSE
SiteC_20250510_043306.wav,Turdus philomelos,0.44,TRUE
SiteC_20250518_084956.wav,Turdus philomelos,0.46,TRUE
SiteC_20250507_091453.wav,Turdus philomelos,0.57,FALSE
SiteC_20250513_075714.wav,Turdus philomelos,0.73,TRUE
SiteC_20250505_074919.wav,Turdus philomelos,0.71,TRUE
SiteC_20250426_052949.wav,Turdus philomelos,0.76,TRUE
SiteC_20250513_050940.wav,Turdus philomelos,0.24,FALSE
SiteC_20250504_053956.wav,Turdus philomelos,0.73,TRUE
SiteC_20250625_054221.wav,Turdus philomelos,0.13,FALSE
SiteC_20250521_050500.wav,Turdus philomelos,0.37,FALSE
SiteC_20250520_040242.wav,Turdus philomelos,0.58,TRUE
SiteC_20250510_044729.wav,Turdus philomelos,0.94,TRUE
SiteC_20250517_060448.wav,Turdus philomelos,0.25,FALSE
SiteC_20250505_074152.wav,Turdus philomelos,0.68,TRUE
SiteC_20250430_053659.wav,Turdus philomelos,0.53,FALSE
SiteC_20250515_054521.wav,Turdus philomelos,0.5,TRUE
SiteC_20250427_055106.wav,Turdus philomelos,0.63,TRUE
SiteD_20250501_053259.wav,Erithacus rubecula,0.68,TRUE
SiteD_20250503_044207.wav,Erithacus rubecula,0.51,TRUE
SiteD_20250425_080126.wav,Erithacus rubecula,0.52,TRUE
SiteD_20250418_084321.wav,Erithacus rubecula,0.98,TRUE
SiteD_20250421_040414.wav,Erithacus rubecula,0.92,TRUE
SiteD_20250421_050614.wav,Erithacus rubecula,0.77,FALSE
SiteD_20250417_095956.wav,Erithacus rubecula,0.22,FALSE
SiteD_20250425_054159.wav,Erithacus rubecula,0.61,TRUE
SiteD_20250428_092618.wav,Erithacus rubecula,0.84,TRUE
SiteD_20250429_051745.wav,Erithacus rubecula,0.59,FALSE
SiteD_20250422_065726.wav,Erithacus rubecula,0.34,FALSE
SiteD_20250430_041848.wav,Erithacus rubecula,0.3,FALSE
SiteD_20250425_074218.wav,Erithacus rubecula,0.57,TRUE
SiteD_20250422_071638.wav,Erithacus rubecula,0.38,FALSE
SiteD_20250419_094752.wav,Erithacus rubecula,0.12,FALSE
SiteD_20250421_050926.wav,Erithacus rubecula,0.74,TRUE
SiteD_20250421_041706.wav,Erithacus rubecula,0.34,FALSE
SiteD_20250530_074815.wav,Erithacus rubecula,0.88,TRUE
SiteD_20250423_090537.wav,Erithacus rubecula,0.67,TRUE
SiteD_20250428_093955.wav,Erithacus rubecula,0.3,FALSE
SiteD_20250422_094030.wav,Erithacus rubecula,0.91,TRUE
SiteD_20250424_085100.wav,Erithacus rubecula,0.91,TRUE
SiteD_20250424_051053.wav,Erithacus rubecula,0.93,TRUE
SiteD_20250504_085354.wav,Erithacus rubecula,0.99,TRUE
SiteD_20250501_045227.wav,Erithacus rubecula,0.65,FALSE
SiteD_20250424_061724.wav,Erithacus rubecula,0.24,FALSE
SiteD_20250505_050109.wav,Erithacus rubecula,0.5,TRUE
SiteD_20250502_090107.wav,Erithacus rubecula,0.74,TRUE
SiteD_20250423_061028.wav,Erithacus rubecula,0.58,TRUE
SiteD_20250426_080445.wav,Erithacus rubecula,0.58,TRUE
SiteD_20250430_070952.wav,Erithacus rubecula,0.73,TRUE
SiteD_20250421_092448.wav,Erithacus rubecula,0.93,TRUE
SiteD_20250419_093626.wav,Erithacus rubecula,0.48,FALSE
SiteD_20250506_055124.wav,Erithacus rubecula,0.92,TRUE
SiteD_20250415_061150.wav,Erithacus rubecula,0.7,TRUE
SiteD_20250418_051217.wav,Erithacus rubecula,0.28,FALSE
SiteD_20250502_051034.wav,Erithacus rubecula,0.14,FALSE
SiteD_20250428_083003.wav,Erithacus rubecula,0.37,FALSE
SiteD_20250601_094626.wav,Erithacus rubecula,0.62,TRUE
SiteD_20250423_081953.wav,Erithacus rubecula,0.4,TRUE
SiteD_20250418_051807.wav,Erithacus rubecula,0.51,FALSE
SiteD_20250423_080433.wav,Erithacus rubecula,0.51,TRUE
SiteD_20250428_095712.wav,Erithacus rubecula,0.53,TRUE
SiteD_20250425_062426.wav,Erithacus rubecula,0.63,TRUE
SiteD_20250420_071128.wav,Erithacus rubecula,0.55,TRUE
SiteD_20250430_081753.wav,Erithacus rubecula,0.56,TRUE
SiteD_20250425_080606.wav,Erithacus rubecula,0.47,FALSE
SiteD_20250422_070201.wav,Erithacus rubecula,0.7,TRUE
SiteD_20250503_055417.wav,Erithacus rubecula,0.21,FALSE
SiteD_20250513_080019.wav,Erithacus rubecula,0.91,TRUE
SiteD_20250428_084603.wav,Erithacus rubecula,0.8,TRUE
SiteD_20250505_050848.wav,Erithacus rubecula,0.66,TRUE
SiteD_20250420_065425.wav,Erithacus rubecula,0.25,FALSE
SiteD_20250418_040157.wav,Erithacus rubecula,0.49,FALSE
SiteD_20250508_054449.wav,Erithacus rubecula,0.38,TRUE
SiteD_20250421_040814.wav,Erithacus rubecula,0.74,TRUE
SiteD_20250504_063508.wav,Erithacus rubecula,0.16,FALSE
SiteD_20250427_093449.wav,Erithacus rubecula,0.79,TRUE
SiteD_20250506_084452.wav,Erithacus rubecula,0.16,FALSE
SiteD_20250424_065724.wav,Erithacus rubecula,0.88,FALSE
SiteD_20250423_054630.wav,Erithacus rubecula,0.26,FALSE
SiteD_20250429_075708.wav,Erithacus rubecula,0.77,TRUE
SiteD_20250522_054228.wav,Phylloscopus trochilus,0.44,FALSE
SiteD_20250605_054855.wav,Phylloscopus trochilus,0.26,TRUE
SiteD_20250606_050115.wav,Phylloscopus trochilus,0.19,TRUE
SiteD_20250603_092857.wav,Phylloscopus trochilus,0.72,TRUE
SiteD_20250522_064633.wav,Phylloscopus trochilus,0.22,FALSE
SiteD_20250514_071745.wav,Phylloscopus trochilus,0.81,TRUE
SiteD_20250606_081422.wav,Phylloscopus trochilus,0.24,FALSE
SiteD_20250526_090308.wav,Phylloscopus trochilus,0.55,TRUE
SiteD_20250502_064133.wav,Phylloscopus trochilus,0.33,FALSE
SiteD_20250603_095405.wav,Phylloscopus trochilus,0.48,TRUE
SiteD_20250521_080247.wav,Phylloscopus trochilus,0.7,TRUE
SiteD_20250603_084150.wav,Phylloscopus trochilus,0.63,TRUE
SiteD_20250618_043104.wav,Phylloscopus trochilus,0.57,TRUE
SiteD_20250520_075650.wav,Phylloscopus trochilus,0.67,TRUE
SiteD_20250602_085949.wav,Phylloscopus trochilus,0.96,TRUE
SiteD_20250515_070208.wav,Phylloscopus trochilus,0.87,TRUE
SiteD_20250609_075143.wav,Phylloscopus trochilus,0.46,TRUE
SiteD_20250527_073928.wav,Phylloscopus trochilus,0.69,TRUE
SiteD_20250502_041204.wav,Phylloscopus trochilus,0.89,TRUE
SiteD_20250630_052855.wav,Phylloscopus trochilus,0.39,TRUE
SiteD_20250619_050023.wav,Phylloscopus trochilus,0.77,FALSE
SiteD_20250602_045321.wav,Phylloscopus trochilus,0.7,TRUE
SiteD_20250603_055828.wav,Phylloscopus trochilus,0.61,FALSE
SiteD_20250531_070434.wav,Phylloscopus trochilus,0.51,TRUE
SiteD_20250508_053753.wav,Phylloscopus trochilus,0.52,FALSE
SiteD_20250602_041711.wav,Phylloscopus trochilus,0.15,FALSE
SiteD_20250615_074739.wav,Phylloscopus trochilus,0.11,FALSE
SiteD_20250526_050155.wav,Phylloscopus trochilus,0.17,TRUE
SiteD_20250611_052215.wav,Phylloscopus trochilus,0.32,TRUE
SiteD_20250418_074418.wav,Phylloscopus trochilus,0.69,TRUE
SiteD_20250504_042231.wav,Phylloscopus trochilus,0.94,TRUE
SiteD_20250524_071742.wav,Phylloscopus trochilus,0.66,FALSE
SiteD_20250614_085151.wav,Phylloscopus trochilus,0.27,FALSE
SiteD_20250527_045351.wav,Phylloscopus trochilus,0.94,TRUE
SiteD_20250615_084212.wav,Phylloscopus trochilus,0.37,FALSE
SiteD_20250524_082741.wav,Phylloscopus trochilus,0.88,TRUE
SiteD_20250603_082227.wav,Phylloscopus trochilus,0.79,FALSE
SiteD_20250601_050300.wav,Phylloscopus trochilus,0.44,FALSE
SiteD_20250524_043558.wav,Phylloscopus trochilus,0.13,FALSE
SiteD_20250518_053700.wav,Phylloscopus trochilus,0.32,FALSE
SiteD_20250531_085009.wav,Phylloscopus trochilus,0.5,TRUE
SiteD_20250604_041716.wav,Phylloscopus trochilus,0.52,TRUE
SiteD_20250525_072510.wav,Phylloscopus trochilus,0.7,TRUE
SiteD_20250529_065545.wav,Phylloscopus trochilus,0.7,TRUE
SiteD_20250529_075926.wav,Phylloscopus trochilus,0.76,FALSE
SiteD_20250523_055932.wav,Phylloscopus trochilus,0.25,FALSE
SiteD_20250522_092349.wav,Phylloscopus trochilus,0.78,TRUE
SiteD_20250603_040547.wav,Phylloscopus trochilus,0.68,TRUE
SiteD_20250605_091321.wav,Phylloscopus trochilus,0.65,TRUE
SiteD_20250529_043517.wav,Phylloscopus trochilus,0.14,FALSE
SiteD_20250430_063618.wav,Phylloscopus trochilus,0.24,TRUE
SiteD_20250528_044149.wav,Phylloscopus trochilus,0.22,FALSE
SiteD_20250618_070950.wav,Phylloscopus trochilus,0.98,TRUE
SiteD_20250512_042830.wav,Phylloscopus trochilus,0.11,FALSE
SiteD_20250529_041149.wav,Phylloscopus trochilus,0.88,TRUE
SiteD_20250514_041456.wav,Phylloscopus trochilus,0.89,TRUE
SiteD_20250504_050511.wav,Phylloscopus trochilus,0.35,TRUE
SiteD_20250606_094559.wav,Phylloscopus trochilus,0.57,TRUE
SiteD_20250520_090616.wav,Phylloscopus trochilus,0.38,TRUE
SiteD_20250512_063204.wav,Phylloscopus trochilus,0.2,TRUE
SiteD_20250617_054438.wav,Phylloscopus trochilus,0.78,FALSE
SiteD_20250602_083657.wav,Phylloscopus trochilus,0.18,TRUE
SiteD_20250526_073034.wav,Phylloscopus trochilus,0.13,FALSE
SiteD_20250524_080130.wav,Phylloscopus trochilus,0.14,FALSE
SiteD_20250514_051442.wav,Phylloscopus trochilus,0.43,FALSE
SiteD_20250526_073008.wav,Phylloscopus trochilus,0.85,TRUE
SiteD_20250531_073557.wav,Phylloscopus trochilus,0.91,TRUE
SiteD_20250512_065707.wav,Phylloscopus trochilus,0.92,TRUE
SiteD_20250512_083153.wav,Phylloscopus trochilus,0.81,TRUE
SiteD_20250521_082122.wav,Phylloscopus trochilus,0.64,TRUE
SiteD_20250602_063247.wav,Phylloscopus trochilus,0.48,TRUE
SiteD_20250526_044757.wav,Phylloscopus trochilus,0.45,FALSE
SiteD_20250531_050919.wav,Phylloscopus trochilus,0.59,TRUE
SiteD_20250508_041358.wav,Phylloscopus trochilus,0.78,TRUE
SiteD_20250531_051633.wav,Phylloscopus trochilus,0.43,FALSE
SiteD_20250612_065053.wav,Phylloscopus trochilus,0.71,TRUE
SiteD_20250526_042746.wav,Phylloscopus trochilus,0.51,TRUE
SiteD_20250607_060016.wav,Phylloscopus trochilus,0.61,TRUE
SiteD_20250520_042327.wav,Phylloscopus trochilus,0.76,FALSE
SiteD_20250623_060449.wav,Phylloscopus trochilus,0.17,TRUE
SiteD_20250616_080534.wav,Phylloscopus trochilus,0.6,TRUE
SiteD_20250609_054943.wav,Phylloscopus trochilus,0.57,TRUE
SiteD_20250529_081531.wav,Phylloscopus trochilus,0.85,TRUE
SiteD_20250614_050320.wav,Phylloscopus trochilus,0.65,TRUE
SiteD_20250611_045124.wav,Phylloscopus trochilus,0.85,TRUE
SiteD_20250528_092325.wav,Phylloscopus trochilus,0.86,TRUE
SiteD_20250519_042304.wav,Phylloscopus trochilus,0.96,TRUE
SiteD_20250516_062050.wav,Phylloscopus trochilus,0.82,TRUE
SiteD_20250608_071945.wav,Phylloscopus trochilus,0.97,TRUE
SiteD_20250611_041719.wav,Phylloscopus trochilus,0.62,FALSE
SiteD_20250617_071617.wav,Phylloscopus trochilus,0.6,TRUE
SiteD_20250606_063204.wav,Phylloscopus trochilus,0.71,FALSE
SiteD_20250606_092407.wav,Phylloscopus trochilus,0.32,FALSE
SiteD_20250527_044604.wav,Phylloscopus trochilus,0.29,FALSE
SiteD_20250512_070510.wav,Turdus philomelos,0.87,TRUE
SiteD_20250515_042837.wav,Turdus philomelos,0.83,TRUE
SiteD_20250507_091015.wav,Turdus philomelos,0.59,TRUE
SiteD_20250424_043944.wav,Turdus philomelos,0.58,TRUE
SiteD_20250514_063901.wav,Turdus philomelos,0.57,TRUE
SiteD_20250503_065936.wav,Turdus philomelos,0.72,TRUE
SiteD_20250523_085254.wav,Turdus philomelos,0.18,FALSE
SiteD_20250421_055330.wav,Turdus philomelos,0.81,TRUE
SiteD_20250518_092859.wav,Turdus philomelos,0.23,FALSE
SiteD_20250503_071317.wav,Turdus philomelos,0.76,TRUE
SiteD_20250511_044807.wav,Turdus philomelos,0.88,TRUE
SiteD_20250514_071001.wav,Turdus philomelos,0.22,FALSE
SiteD_20250603_092749.wav,Turdus philomelos,0.49,FALSE
SiteD_20250505_045145.wav,Turdus philomelos,1,TRUE
SiteD_20250523_095814.wav,Turdus philomelos,0.45,FALSE
SiteD_20250513_085857.wav,Turdus philomelos,0.17,TRUE
SiteD_20250516_041807.wav,Turdus philomelos,0.34,FALSE
SiteD_20250429_053219.wav,Turdus philomelos,0.9,TRUE
SiteD_20250424_093355.wav,Turdus philomelos,0.95,TRUE
SiteD_20250529_082756.wav,Turdus philomelos,0.27,FALSE
SiteD_20250504_073226.wav,Turdus philomelos,0.87,TRUE
SiteD_20250425_072045.wav,Turdus philomelos,0.92,TRUE
SiteD_20250504_065217.wav,Turdus philomelos,0.48,TRUE
SiteD_20250508_064806.wav,Turdus philomelos,0.48,TRUE
SiteD_20250424_072839.wav,Turdus philomelos,0.87,TRUE
SiteD_20250511_054342.wav,Turdus philomelos,0.5,TRUE
SiteD_20250530_091757.wav,Turdus philomelos,0.84,TRUE
SiteD_20250509_061828.wav,Turdus philomelos,0.17,FALSE
SiteD_20250510_064025.wav,Turdus philomelos,0.5,TRUE
SiteD_20250517_043009.wav,Turdus philomelos,0.77,TRUE
SiteD_20250508_062141.wav,Turdus philomelos,0.8,TRUE
SiteD_20250629_082011.wav,Turdus philomelos,0.64,TRUE
SiteD_20250513_051902.wav,Turdus philomelos,0.33,FALSE
SiteD_20250519_060950.wav,Turdus philomelos,0.93,TRUE
SiteD_20250508_045034.wav,Turdus philomelos,0.49,TRUE
SiteD_20250513_050141.wav,Turdus philomelos,0.69,TRUE
SiteD_20250507_060842.wav,Turdus philomelos,0.37,TRUE
SiteD_20250507_084145.wav,Turdus philomelos,0.69,TRUE
SiteD_20250510_085517.wav,Turdus philomelos,0.52,FALSE
SiteD_20250513_055009.wav,Turdus philomelos,0.46,TRUE
SiteD_20250531_050223.wav,Turdus philomelos,0.96,TRUE
SiteD_20250428_041418.wav,Turdus philomelos,0.58,TRUE
SiteD_20250514_092940.wav,Turdus philomelos,0.45,FALSE
SiteD_20250516_095552.wav,Turdus philomelos,0.28,FALSE
SiteD_20250519_070332.wav,Turdus philomelos,0.74,TRUE
SiteD_20250520_054219.wav,Turdus philomelos,0.69,TRUE
SiteD_20250616_094224.wav,Turdus philomelos,0.11,FALSE
SiteD_20250503_071013.wav,Turdus philomelos,0.45,FALSE
SiteD_20250521_061200.wav,Turdus philomelos,0.92,TRUE
SiteD_20250516_072223.wav,Turdus philomelos,0.95,TRUE
SiteD_20250506_062214.wav,Turdus philomelos,0.67,TRUE
SiteD_20250503_073853.wav,Turdus philomelos,0.26,TRUE
SiteD_20250505_052946.wav,Turdus philomelos,0.21,FALSE
SiteD_20250530_073308.wav,Turdus philomelos,0.48,FALSE
SiteD_20250504_085251.wav,Turdus philomelos,0.5,TRUE
SiteD_20250511_083328.wav,Turdus philomelos,0.76,TRUE
SiteD_20250429_040703.wav,Turdus philomelos,0.24,FALSE
SiteD_20250522_061917.wav,Turdus philomelos,0.76,TRUE
SiteD_20250511_053903.wav,Turdus philomelos,0.46,TRUE
SiteD_20250515_063833.wav,Turdus philomelos,0.72,FALSE
SiteD_20250505_073617.wav,Turdus philomelos,0.39,TRUE
SiteD_20250521_093404.wav,Turdus philomelos,0.38,FALSE
SiteD_20250429_091602.wav,Turdus philomelos,0.21,TRUE
SiteD_20250518_073202.wav,Turdus philomelos,0.11,FALSE
SiteD_20250516_080451.wav,Turdus philomelos,0.35,FALSE
SiteD_20250510_061316.wav,Turdus philomelos,0.21,TRUE
SiteD_20250429_060314.wav,Turdus philomelos,0.44,FALSE
SiteD_20250506_090604.wav,Turdus philomelos,0.93,TRUE
SiteD_20250514_053637.wav,Turdus philomelos,0.45,TRUE
SiteD_20250506_093844.wav,Turdus philomelos,0.29,FALSE
SiteD_20250514_062839.wav,Turdus philomelos,0.74,TRUE
SiteD_20250522_092044.wav,Turdus philomelos,0.7,TRUE
SiteD_20250518_042235.wav,Turdus philomelos,0.39,FALSE
SiteD_20250505_082108.wav,Turdus philomelos,0.69,TRUE
SiteD_20250515_080624.wav,Turdus philomelos,0.51,TRUE
SiteD_20250514_094840.wav,Turdus philomelos,0.14,FALSE
SiteD_20250510_094024.wav,Turdus philomelos,0.71,FALSE
SiteD_20250518_071624.wav,Turdus philomelos,0.87,TRUE
